<?xml version="1.0" encoding="UTF-8"?>

<project basedir="." default="generate-artifacts" name="NFV-SOL2">
	<description>
			Script for NFV Assignment 2 solution
	</description>
	
	<!-- define wjc task (WADL to Java) -->
	<taskdef name="wjc" classname="org.jvnet.ws.wadl2java.WJCTask">
	    <classpath>
		  <fileset dir="${ext.lib.dir}" includes="*.jar"/>
	    </classpath>
	</taskdef>

	<target name="generate-artifacts">
		<echo message="Compiling the descriptions..." />
	    <wjc description="${WADL}" package="it.polito.dp2.NFV.sol2" 
	      autoSchemaPackage="false" target="${gen.dir}">
	    	<!-- 
	    	<customizations dir="${root.location}" includes="binding.xjc"/>
	    	-->
	    	<produces dir="${gen.dir}/it/polito/dp2/NFV/sol2" includes="*.java"/>
	    	<depends dir="${lab2.location}" includes="build.xml"/>
	    	<customClassName uri="${URL}" classname="Neo4JSCS"/>
	    </wjc>
		<echo message="Done." />
	</target>

</project>
